{
  "faithfulness": 0.8880952380952382,
  "answer_relevancy": 0.6978618354328889,
  "context_precision": 0.9472222221512036,
  "context_recall": 0.9333333333333332,
  "n_total": 15,
  "n_valid": 15,
  "n_evaluated": 10,
  "n_failed": 3,
  "n_completed": 13,
  "n_skipped": 0,
  "n_remaining": 2
}